[{"title_en":"Gender monitoring (part 1): how women fare in SNSF project funding","title_de":"Gender-Monitoring (Teil 1): So schneiden Frauen in der SNF-Projektförderung ab","title_fr":"Gender monitoring (1) : la place des femmes dans l’encouragement de projets FNS","author":"Rachel Heyard;Manuela Ott","datastory_category":"standard","publication_date":"2021-10-28 02:00:00","languages":"en;de;fr","short_desc_en":"The Swiss research landscape suffers from a chronic underrepresentation of women. This can also be seen in the share of women applying for funding at the SNSF. But how did this share evolve over time? And have women been less successful to raise funds?","short_desc_de":"Frauen sind in der Forschungslandschaft der Schweiz chronisch untervertreten. Das zeigt sich auch am Anteil der Frauen, die ein Gesuch um Projektförderung beim SNF einreichen. Aber wie hat sich dieser Anteil im Laufe der Zeit entwickelt? Und waren Frauen bei der Gesuchstellung weniger erfolgreich als Männer?","short_desc_fr":"Le paysage de la recherche suisse souffre d’une sous-représentation chronique des femmes. Cela se voit également dans la part des femmes qui demandent un financement au FNS. Mais comment cette part a-t-elle évolué au fil du temps? Et les femmes ont-elles moins bien réussi à lever des fonds?!","tags":"T270T,T60T,T80T,T220T,T240T","author_url":"datastories@snf.ch;datastories@snf.ch","top_story":false,"github_url":"https://github.com/snsf-data/datastory_women_underrepresented_or_underfunded","doi":"https://doi.org/10.46446/datastory.women-underrepresented-or-underfunded"}]
